[
  {
    "fullName": "Rina Cuadros Salas",
    "specialty": "Ginecólogo",
    "city": "Lima",
    "address": "Av. César Vallejo 1475, Lince",
    "phoneCountryCode": "+51",
    "phoneNumber": "947 557 499",
    "rating": 5.0,
    "reviewCount": 451,
    "sourceProfileUrl": "https://s3-sa-east-1.amazonaws.com/doctoralia.pe/doctor/6ec62b/6ec62b63e6151056b03f6ee90f1ee84a_large.jpg"
  },
  {
    "fullName": "Bernabé Fora Chura",
    "specialty": "Ginecólogo",
    "city": "Lima",
    "address": "Avenida San Borja Norte 613-615, San Borja, Lima, Perú, San Borja",
    "phoneCountryCode": "+51",
    "phoneNumber": "952 649 802",
    "rating": 5.0,
    "reviewCount": 363,
    "sourceProfileUrl": "https://s3-sa-east-1.amazonaws.com/doctoralia.pe/doctor/4aa4e5/4aa4e5ae4c3ecc77bbb0b87ed60a8292_large.jpg"
  },
  {
    "fullName": "Giannina Pamela Turin Turin",
    "specialty": "Ginecólogo",
    "city": "Lima",
    "address": "Jr. Antonio Raimondi 143, La Victoria., Lima",
    "phoneCountryCode": "+51",
    "phoneNumber": "906 611 460",
    "rating": 5.0,
    "reviewCount": 41,
    "sourceProfileUrl": "https://pixel-p1.s3.sa-east-1.amazonaws.com/doctor/avatar/13dda342/13dda342-409c-4b4b-a8f4-35b20a6528db_large.jpg"
  },
  {
    "fullName": "Daniel Paul Lindo Gutarra",
    "specialty": "Ginecólogo",
    "city": "Lima",
    "address": "Av. La Fontana 362, La Molina, La Molina",
    "phoneCountryCode": "+51",
    "phoneNumber": "981 588 184",
    "rating": 5.0,
    "reviewCount": 177,
    "sourceProfileUrl": "https://s3-sa-east-1.amazonaws.com/doctoralia.pe/doctor/c8493f/c8493f445e0d9fff682f17ea151e0f40_large.jpg"
  },
  {
    "fullName": "José Luis Goncalves Rodriguez",
    "specialty": "Ginecólogo",
    "city": "Lima",
    "address": "Av. Guardia Civil 655, San Borja, Lima",
    "phoneCountryCode": "+51",
    "phoneNumber": "(01) 4762727",
    "rating": 5.0,
    "reviewCount": 92,
    "sourceProfileUrl": "https://s3-sa-east-1.amazonaws.com/doctoralia.pe/doctor/50ecfb/50ecfb9aba6d916f186718b262b1a02e_large.jpg"
  },
  {
    "fullName": "Mirkell Marrufo Peralta",
    "specialty": "Ginecólogo",
    "city": "Lima",
    "address": "",
    "phoneCountryCode": "+51",
    "phoneNumber": "",
    "rating": 5.0,
    "reviewCount": 46,
    "sourceProfileUrl": "https://pixel-p1.s3.sa-east-1.amazonaws.com/doctor/avatar/43a4c947/43a4c947-5299-4aa4-9767-6a767acc656d_large.jpg"
  },
  {
    "fullName": "Anibal Eduardo Pandia Estrada",
    "specialty": "Ginecólogo",
    "city": "Lima",
    "address": "Avenida Universitaria 267, Carabayllo",
    "phoneCountryCode": "+51",
    "phoneNumber": "938 427 052",
    "rating": 5.0,
    "reviewCount": 40,
    "sourceProfileUrl": "https://pixel-p1.s3.sa-east-1.amazonaws.com/doctor/avatar/1dff4347/1dff4347-3e81-4993-9b64-3caa16b13c00_large.jpg"
  },
  {
    "fullName": "Pablo Moreno Martínez",
    "specialty": "Ginecólogo",
    "city": "Lima",
    "address": "Av. Guardia Civil 770, San Isidro",
    "phoneCountryCode": "+51",
    "phoneNumber": "993 508 764",
    "rating": 5.0,
    "reviewCount": 223,
    "sourceProfileUrl": "https://s3-sa-east-1.amazonaws.com/doctoralia.pe/doctor/69acb5/69acb5c5833ebca9b805387642052f06_large.jpg"
  },
  {
    "fullName": "Maria Isabel Mercado Herrera",
    "specialty": "Ginecólogo",
    "city": "Lima",
    "address": "Av. Brasil 2730 consultorio 501 Edifico Qualis Pueblo Libre, Pueblo Libre",
    "phoneCountryCode": "+51",
    "phoneNumber": "999 870 999",
    "rating": 4.5,
    "reviewCount": 39,
    "sourceProfileUrl": "https://s3-sa-east-1.amazonaws.com/doctoralia.pe/doctor/a1ba8d/a1ba8dc86b4e7aad761b8fc07b184eb3_large.jpg"
  },
  {
    "fullName": "César Becerra",
    "specialty": "Ginecólogo",
    "city": "Lima",
    "address": "",
    "phoneCountryCode": "+51",
    "phoneNumber": "",
    "rating": 5.0,
    "reviewCount": 8,
    "sourceProfileUrl": "https://s3-sa-east-1.amazonaws.com/doctoralia.pe/doctor/33b804/33b80423a6ce6fda233bbd7e5c3bb60e_large.jpg"
  },
  {
    "fullName": "Marco Antonio Callo Corazao",
    "specialty": "Pediatra",
    "city": "Lima",
    "address": "Jr. Saturno 102 int. 402 Los Olivos,",
    "phoneCountryCode": "+51",
    "phoneNumber": "922 521 695",
    "rating": 5.0,
    "reviewCount": 653,
    "sourceProfileUrl": "https://s3-sa-east-1.amazonaws.com/doctoralia.pe/doctor/867bfc/867bfc7047ee01b3b9008580e42494f0_large.jpg"
  },
  {
    "fullName": "Alonso Alberoni Santos Zeta",
    "specialty": "Pediatra",
    "city": "Lima",
    "address": "De La Roca De Vergallo 493, oficina 806, Magdalena del Mar",
    "phoneCountryCode": "+51",
    "phoneNumber": "926 968 216",
    "rating": 5.0,
    "reviewCount": 22,
    "sourceProfileUrl": "https://s3-sa-east-1.amazonaws.com/doctoralia.pe/doctor/d5b6df/d5b6df59a443c898c684d5ba2b51bbc6_large.jpg"
  },
  {
    "fullName": "Enrique Fernando Barnadas Lujan",
    "specialty": "Pediatra",
    "city": "Lima",
    "address": "Avenida Defensores del Morro 1201, Chorrillos",
    "phoneCountryCode": "+51",
    "phoneNumber": "983 209 155",
    "rating": 5.0,
    "reviewCount": 27,
    "sourceProfileUrl": "https://s3-sa-east-1.amazonaws.com/doctoralia.pe/doctor/10c27c/10c27cf21bdc02455596794a3a0a644a_large.jpg"
  },
  {
    "fullName": "Marco Antonio Alpiste Diaz",
    "specialty": "Pediatra",
    "city": "Lima",
    "address": "Av. Brasil 669 Dpto 802-A . Distrito de Jesus María, Jesús María",
    "phoneCountryCode": "+51",
    "phoneNumber": "945 168 336",
    "rating": 5.0,
    "reviewCount": 68,
    "sourceProfileUrl": "https://s3-sa-east-1.amazonaws.com/doctoralia.pe/doctor/88f50e/88f50e90205f5058621de75be1f8f2ca_large.jpg"
  },
  {
    "fullName": "Rubén Leonidas Caparó Oblitas",
    "specialty": "Neurólogo",
    "city": "Lima",
    "address": "NEUROPEDIATRICA: Jr. BATALLON CALLAO SUR N° 169, 3ER PISO, Oficina 305. Urb. Las Gardenias Santiago de Surco ., Lima",
    "phoneCountryCode": "+51",
    "phoneNumber": "991 700 424",
    "rating": 5.0,
    "reviewCount": 131,
    "sourceProfileUrl": "https://s3-sa-east-1.amazonaws.com/doctoralia.pe/doctor/e65e94/e65e94ec16f0c2f568f62ba66f75377f_large.jpg"
  },
  {
    "fullName": "Juan Carlos Tirado Caballero",
    "specialty": "Pediatra",
    "city": "Lima",
    "address": "El Sillar 178, San Juan de Lurigancho",
    "phoneCountryCode": "+51",
    "phoneNumber": "997 770 434",
    "rating": 5.0,
    "reviewCount": 586,
    "sourceProfileUrl": "https://s3-sa-east-1.amazonaws.com/doctoralia.pe/doctor/0add68/0add688a385e43c01e24ef0e0af045b1_large.jpg"
  },
  {
    "fullName": "Ricardo Muñoz Leon",
    "specialty": "Neumólogo pediátrico",
    "city": "Lima",
    "address": "Av. Gral. Eugenio Garzón 862 2do Piso, Jesús María",
    "phoneCountryCode": "+51",
    "phoneNumber": "989 183 123",
    "rating": 5.0,
    "reviewCount": 258,
    "sourceProfileUrl": "https://s3-sa-east-1.amazonaws.com/doctoralia.pe/doctor/763303/763303795780f64d2d2aa1276323420b_large.jpg"
  },
  {
    "fullName": "Jaime Vera Carpio",
    "specialty": "Pediatra",
    "city": "Lima",
    "address": "Av Tomás Valle 510, 2do. piso, Los Olivos",
    "phoneCountryCode": "+51",
    "phoneNumber": "993 472 832",
    "rating": 5.0,
    "reviewCount": 170,
    "sourceProfileUrl": "https://s3-sa-east-1.amazonaws.com/doctoralia.pe/doctor/766d3c/766d3c08c39ce033edd49f1b6fca132d_large.jpg"
  },
  {
    "fullName": "Hector Nuñez Paucar",
    "specialty": "Neumólogo pediátrico",
    "city": "Lima",
    "address": "Av. Brasil 2730, Edificio Qualis, Suite 803 (Frente al Hospital de la Policia), Pueblo Libre",
    "phoneCountryCode": "+51",
    "phoneNumber": "948 578 682",
    "rating": 5.0,
    "reviewCount": 334,
    "sourceProfileUrl": "https://s3-sa-east-1.amazonaws.com/doctoralia.pe/doctor/fedfc2/fedfc200cfa46b3059395ac56191496b_large.jpg"
  },
  {
    "fullName": "Rosario Jaime",
    "specialty": "Dermatólogo",
    "city": "Lima",
    "address": "Av. Gran Chimu 911, San Juan de Lurigancho",
    "phoneCountryCode": "+51",
    "phoneNumber": "923 992 434",
    "rating": 5.0,
    "reviewCount": 296,
    "sourceProfileUrl": "https://pixel-p1.s3.sa-east-1.amazonaws.com/doctor/avatar/7988f83b/7988f83b-9614-4f63-878d-7bcd13dba18e_large.jpg"
  },
  {
    "fullName": "Deisi Rosario Checya Mendoza",
    "specialty": "Dermatólogo",
    "city": "Lima",
    "address": "Av. Brasil 2730, Pueblo Libre",
    "phoneCountryCode": "+51",
    "phoneNumber": "910 197 320",
    "rating": 5.0,
    "reviewCount": 351,
    "sourceProfileUrl": "https://s3-sa-east-1.amazonaws.com/doctoralia.pe/doctor/9c0d98/9c0d98f00ca002436abf6d591547847f_large.jpg"
  },
  {
    "fullName": "Jenny Vargas Bravo",
    "specialty": "Dermatólogo",
    "city": "Lima",
    "address": "Calle Grimaldo del Solar 162 OFICINA 1003, Miraflores",
    "phoneCountryCode": "+51",
    "phoneNumber": "963 537 493",
    "rating": 5.0,
    "reviewCount": 179,
    "sourceProfileUrl": "https://s3-sa-east-1.amazonaws.com/doctoralia.pe/doctor/e91c4b/e91c4b97a8450ce0f919c1efa2695af2_large.jpg"
  },
  {
    "fullName": "Daniel Huillca",
    "specialty": "Dermatólogo",
    "city": "Lima",
    "address": "",
    "phoneCountryCode": "+51",
    "phoneNumber": "",
    "rating": 5.0,
    "reviewCount": 359,
    "sourceProfileUrl": "https://s3-sa-east-1.amazonaws.com/doctoralia.pe/doctor/3bc23c/3bc23cd2b62677300bfd7d026cc65b41_large.jpg"
  },
  {
    "fullName": "Richard John Garcia Mojonero",
    "specialty": "Dermatólogo",
    "city": "Lima",
    "address": "Av Próceres De la Independencia N° 1722, S.J.L. piso 3, Lima",
    "phoneCountryCode": "+51",
    "phoneNumber": "940 902 608",
    "rating": 5.0,
    "reviewCount": 545,
    "sourceProfileUrl": "https://s3-sa-east-1.amazonaws.com/doctoralia.pe/doctor/c59103/c59103a0dc7266a3a0fc6ce1a56ea44a_large.jpg"
  },
  {
    "fullName": "Beatriz De La Cruz Casaño",
    "specialty": "Dermatólogo",
    "city": "Lima",
    "address": "Av. Gran Chimu 745 Piso 3, San Juan de Lurigancho",
    "phoneCountryCode": "+51",
    "phoneNumber": "977 806 123",
    "rating": 5.0,
    "reviewCount": 451,
    "sourceProfileUrl": "https://pixel-p1.s3.sa-east-1.amazonaws.com/doctor/avatar/0c12bb8e/0c12bb8e-c1be-4fc8-bc7f-23f2556c371b_large.jpg"
  },
  {
    "fullName": "Angélica Rivera",
    "specialty": "Dermatólogo",
    "city": "Lima",
    "address": "Avenida San Martin 217, Barranco, Lima",
    "phoneCountryCode": "+51",
    "phoneNumber": "949 705 324",
    "rating": 5.0,
    "reviewCount": 176,
    "sourceProfileUrl": "https://s3-sa-east-1.amazonaws.com/doctoralia.pe/doctor/9b6cd9/9b6cd93a2ee87c3d24f32d4f1e1ad90e_large.jpg"
  },
  {
    "fullName": "Jannell Obregón Alzamora",
    "specialty": "Dermatólogo",
    "city": "Lima",
    "address": "Av. Arequipa 2450 Edificio El Dorado Oficina 507 Lince, Lima - Perú, Lince",
    "phoneCountryCode": "+51",
    "phoneNumber": "914 830 531",
    "rating": 5.0,
    "reviewCount": 176,
    "sourceProfileUrl": "https://s3-sa-east-1.amazonaws.com/doctoralia.pe/doctor/431851/431851cad2431994828f64a60ab27451_large.jpg"
  },
  {
    "fullName": "Jacqueline Arévalo Martínez",
    "specialty": "Dermatólogo",
    "city": "Lima",
    "address": "Av brasil 2730 , oficina 1619,",
    "phoneCountryCode": "+51",
    "phoneNumber": "984 216 321",
    "rating": 5.0,
    "reviewCount": 79,
    "sourceProfileUrl": "https://s3-sa-east-1.amazonaws.com/doctoralia.pe/doctor/2f8c2f/2f8c2ffa6daae6e21035e67920ff0443_large.jpg"
  },
  {
    "fullName": "",
    "specialty": "Dermatólogo",
    "city": "Lima",
    "address": "Av. Arequipa 1860, oficina 2005, Lima",
    "phoneCountryCode": "+51",
    "phoneNumber": "910 033 700",
    "rating": 5.0,
    "reviewCount": 112,
    "sourceProfileUrl": "https://s3-sa-east-1.amazonaws.com/doctoralia.pe/doctor/be8d27/be8d276f15455801535704dbf2f4785a_large.jpg"
  },
  {
    "fullName": "Dante Alfredo Vega Ortiz",
    "specialty": "Ginecólogo",
    "city": "Arequipa",
    "address": "Urb. San Agustín, Arequipa",
    "phoneCountryCode": "+51",
    "phoneNumber": "984 620 026",
    "rating": 5.0,
    "reviewCount": 194,
    "sourceProfileUrl": "https://pixel-p1.s3.sa-east-1.amazonaws.com/doctor/avatar/976f14d7/976f14d7-bda9-41e1-94dc-89b4f5f14efa_large.jpg"
  },
  {
    "fullName": "Mary Celina Cruz Cahuana",
    "specialty": "Ginecólogo",
    "city": "Arequipa",
    "address": "",
    "phoneCountryCode": "+51",
    "phoneNumber": "",
    "rating": 4.5,
    "reviewCount": 35,
    "sourceProfileUrl": "https://s3-sa-east-1.amazonaws.com/doctoralia.pe/doctor/0868a0/0868a03e801b077b8cdfa5b164fe2a08_large.jpg"
  },
  {
    "fullName": "María Denisse Alvarez Huanca",
    "specialty": "Ginecólogo",
    "city": "Arequipa",
    "address": "los Rosales c-2, Arequipa",
    "phoneCountryCode": "+51",
    "phoneNumber": "992 597 537",
    "rating": 5.0,
    "reviewCount": 31,
    "sourceProfileUrl": "https://pixel-p1.s3.sa-east-1.amazonaws.com/doctor/avatar/32d4f7b7/32d4f7b7-5d21-4250-973c-1f621051c500_large.jpg"
  },
  {
    "fullName": "",
    "specialty": "Ginecólogo",
    "city": "Arequipa",
    "address": "Arequipa",
    "phoneCountryCode": "+51",
    "phoneNumber": "",
    "rating": 5.0,
    "reviewCount": 11,
    "sourceProfileUrl": "https://s3-eu-west-1.amazonaws.com/docplanner.pe/doctor/3cade5/3cade556ff6a4b32e96d7c99d6819131_large.jpg"
  },
  {
    "fullName": "Juan Hjalmar Corrales Abarca",
    "specialty": "Ginecólogo",
    "city": "Arequipa",
    "address": "Policlinico Garcia Bragagnini Av. Trinidad Moran J-2 Oficina 306 Leon XIII - Cayma Nuevo Centro FETAL SCAN Leon XIII E-4, Arequipa",
    "phoneCountryCode": "+51",
    "phoneNumber": "",
    "rating": 5.0,
    "reviewCount": 8,
    "sourceProfileUrl": "https://s3-eu-west-1.amazonaws.com/docplanner.pe/doctor/1d3a48/1d3a48ce60757208aecaf9bbc384cb3a_large.jpg"
  },
  {
    "fullName": "Marco Antonio Jara Inofuente",
    "specialty": "Ginecólogo",
    "city": "Arequipa",
    "address": "Ubanización Independencia Americana D-8 Umacollo, Arequipa",
    "phoneCountryCode": "+51",
    "phoneNumber": "",
    "rating": 5.0,
    "reviewCount": 4,
    "sourceProfileUrl": "https://s3-eu-west-1.amazonaws.com/docplanner.pe/doctor/22df50/22df508c1466bbc5865cce2af7462395_large.jpg"
  },
  {
    "fullName": "Luis Vera Puma",
    "specialty": "Ginecólogo",
    "city": "Arequipa",
    "address": "",
    "phoneCountryCode": "+51",
    "phoneNumber": "",
    "rating": 5.0,
    "reviewCount": 1,
    "sourceProfileUrl": "https://s3-sa-east-1.amazonaws.com/doctoralia.pe/doctor/be943e/be943edeb41e590dfeacba03909c960b_large.jpg"
  },
  {
    "fullName": "Oscar Diaz Flores",
    "specialty": "Ginecólogo",
    "city": "Arequipa",
    "address": "",
    "phoneCountryCode": "+51",
    "phoneNumber": "",
    "rating": 5.0,
    "reviewCount": 1,
    "sourceProfileUrl": "https://s3-sa-east-1.amazonaws.com/doctoralia.pe/doctor/e0b14f/e0b14fd388e3ed4866dd88b3182ffc22_large.jpg"
  },
  {
    "fullName": "John Willy Turpo Prieto",
    "specialty": "Ginecólogo",
    "city": "Arequipa",
    "address": "",
    "phoneCountryCode": "+51",
    "phoneNumber": "",
    "rating": 5.0,
    "reviewCount": 1,
    "sourceProfileUrl": "https://s3-sa-east-1.amazonaws.com/doctoralia.pe/doctor/4abd12/4abd125945f304047989dcdfee75d4c9_large.jpg"
  },
  {
    "fullName": "Maritza Ramos Medina",
    "specialty": "Pediatra",
    "city": "Arequipa",
    "address": "urb. san jeronimo los, Arequipa",
    "phoneCountryCode": "+51",
    "phoneNumber": "959 824 191",
    "rating": 5.0,
    "reviewCount": 16,
    "sourceProfileUrl": ""
  },
  {
    "fullName": "Roxana Calderón Flores",
    "specialty": "Pediatra",
    "city": "Arequipa",
    "address": "",
    "phoneCountryCode": "+51",
    "phoneNumber": "",
    "rating": 5.0,
    "reviewCount": 13,
    "sourceProfileUrl": "https://s3-sa-east-1.amazonaws.com/doctoralia.pe/doctor/2192ec/2192ecda99f0865c631de1af8d441d57_large.jpg"
  },
  {
    "fullName": "Anibal Ramirez De La Cruz",
    "specialty": "Pediatra",
    "city": "Arequipa",
    "address": "",
    "phoneCountryCode": "+51",
    "phoneNumber": "",
    "rating": 5.0,
    "reviewCount": 5,
    "sourceProfileUrl": "https://s3-eu-west-1.amazonaws.com/docplanner.pe/doctor/699ef7/699ef7cc2233e871ab1dca28a0e678ba_large.jpg"
  },
  {
    "fullName": "Renato Farfán",
    "specialty": "Dermatólogo",
    "city": "Arequipa",
    "address": "",
    "phoneCountryCode": "+51",
    "phoneNumber": "",
    "rating": 5.0,
    "reviewCount": 26,
    "sourceProfileUrl": "https://pixel-p1.s3.sa-east-1.amazonaws.com/doctor/avatar/b998c242/b998c242-5e32-4802-b0b8-eb2e15c6f2b5_large.jpg"
  },
  {
    "fullName": "Víctor Gutiérrez Bravo",
    "specialty": "Ginecólogo",
    "city": "Trujillo",
    "address": "",
    "phoneCountryCode": "+51",
    "phoneNumber": "",
    "rating": 5.0,
    "reviewCount": 28,
    "sourceProfileUrl": "https://s3-sa-east-1.amazonaws.com/doctoralia.pe/doctor/af5668/af566813359ad8beabc0167ef1348388_large.jpg"
  },
  {
    "fullName": "Armando Efren Fong Lei",
    "specialty": "Ginecólogo",
    "city": "Trujillo",
    "address": "Jirón Bolívar 634, Oficina 202, Centro Comercial ZARZAR, Trujillo",
    "phoneCountryCode": "+51",
    "phoneNumber": "(044) 243672",
    "rating": 5.0,
    "reviewCount": 1001,
    "sourceProfileUrl": "https://s3-sa-east-1.amazonaws.com/doctoralia.pe/doctor/fb4054/fb40540b99c16d5f50cac53df004568a_large.jpg"
  },
  {
    "fullName": "Yul Bravo Burgos",
    "specialty": "Ginecólogo",
    "city": "Trujillo",
    "address": "Los Zafiros 230.of.306 Urb. Santa Inés, Trujillo",
    "phoneCountryCode": "+51",
    "phoneNumber": "924 055 672",
    "rating": 5.0,
    "reviewCount": 138,
    "sourceProfileUrl": "https://s3-sa-east-1.amazonaws.com/doctoralia.pe/doctor/80e7a5/80e7a50985abaa79d63e86091fb34b29_large.jpg"
  },
  {
    "fullName": "Gaspar De Bracamonte Morales",
    "specialty": "Ginecólogo",
    "city": "Trujillo",
    "address": "",
    "phoneCountryCode": "+51",
    "phoneNumber": "",
    "rating": 5.0,
    "reviewCount": 6,
    "sourceProfileUrl": "https://s3-sa-east-1.amazonaws.com/doctoralia.pe/doctor/beb410/beb410040d5d3815787b1fd9d16acfa5_large.jpg"
  },
  {
    "fullName": "Antonio Iyo Shiguiyama",
    "specialty": "Ginecólogo",
    "city": "Trujillo",
    "address": "",
    "phoneCountryCode": "+51",
    "phoneNumber": "",
    "rating": 5.0,
    "reviewCount": 19,
    "sourceProfileUrl": "https://s3-sa-east-1.amazonaws.com/doctoralia.pe/doctor/4e67d0/4e67d070dd2ba29b56faa06d56e63887_large.jpg"
  },
  {
    "fullName": "Miguel Olortegui Espinoza",
    "specialty": "Ginecólogo",
    "city": "Trujillo",
    "address": "",
    "phoneCountryCode": "+51",
    "phoneNumber": "",
    "rating": 5.0,
    "reviewCount": 3,
    "sourceProfileUrl": "https://s3-sa-east-1.amazonaws.com/doctoralia.pe/doctor/5d7d04/5d7d0441efe8db1c7a1c8c3a740335da_large.jpg"
  },
  {
    "fullName": "Hernán Antonio Ramal Aguilar",
    "specialty": "Ginecólogo",
    "city": "Trujillo",
    "address": "Urb. California- Víctor Larco., Trujillo",
    "phoneCountryCode": "+51",
    "phoneNumber": "",
    "rating": 5.0,
    "reviewCount": 2,
    "sourceProfileUrl": "https://s3-eu-west-1.amazonaws.com/docplanner.pe/doctor/120012/120012a35bf638c4467d34c276493ce1_large.jpg"
  },
  {
    "fullName": "Selene Contreras Tapia",
    "specialty": "Ginecólogo",
    "city": "Trujillo",
    "address": "Los Rubies 125, Trujillo",
    "phoneCountryCode": "+51",
    "phoneNumber": "",
    "rating": 4.5,
    "reviewCount": 29,
    "sourceProfileUrl": "https://s3-eu-west-1.amazonaws.com/docplanner.pe/doctor/365ff8/365ff8448e7021cc6f2a99664e5be458_large.jpg"
  },
  {
    "fullName": "Tito Aguilar Diaz",
    "specialty": "Ginecólogo",
    "city": "Trujillo",
    "address": "",
    "phoneCountryCode": "+51",
    "phoneNumber": "",
    "rating": 5.0,
    "reviewCount": 2,
    "sourceProfileUrl": "https://s3-sa-east-1.amazonaws.com/doctoralia.pe/doctor/ec4bfd/ec4bfdb4c743c6de029f85c3cb353ad7_large.jpg"
  },
  {
    "fullName": "Cesar Arturo Fernandez Bazan",
    "specialty": "Ginecólogo",
    "city": "Trujillo",
    "address": "",
    "phoneCountryCode": "+51",
    "phoneNumber": "",
    "rating": 5.0,
    "reviewCount": 1,
    "sourceProfileUrl": "https://s3-eu-west-1.amazonaws.com/docplanner.pe/doctor/13a7eb/13a7eb066bcafa70226f1b8cf5e7ee78_large.jpg"
  },
  {
    "fullName": "Juan Escudero",
    "specialty": "Pediatra",
    "city": "Trujillo",
    "address": "",
    "phoneCountryCode": "+51",
    "phoneNumber": "",
    "rating": 5.0,
    "reviewCount": 4,
    "sourceProfileUrl": "https://s3-sa-east-1.amazonaws.com/doctoralia.pe/doctor/29a5e2/29a5e2d0a9c143a46794972a7b650e24_large.jpg"
  },
  {
    "fullName": "Erico Marcel Cieza Mora",
    "specialty": "Pediatra",
    "city": "Trujillo",
    "address": "Las Malvas 221. Urbanización Santa Edelmira, Trujillo",
    "phoneCountryCode": "+51",
    "phoneNumber": "976 001 716",
    "rating": 5.0,
    "reviewCount": 449,
    "sourceProfileUrl": "https://s3-sa-east-1.amazonaws.com/doctoralia.pe/doctor/de193e/de193e76bfc2fb2bfa0581ba6a0e07bb_large.jpg"
  },
  {
    "fullName": "Natalia del Pilar Rafael Robles",
    "specialty": "Dermatólogo",
    "city": "Trujillo",
    "address": "Los Corales 379, Trujillo",
    "phoneCountryCode": "+51",
    "phoneNumber": "",
    "rating": 5.0,
    "reviewCount": 153,
    "sourceProfileUrl": "https://s3-sa-east-1.amazonaws.com/doctoralia.pe/doctor/d035dd/d035dd5e68cb93370569044d949745f2_large.jpg"
  },
  {
    "fullName": "Andrés Vásquez Mejía",
    "specialty": "Dermatólogo",
    "city": "Trujillo",
    "address": "LOS ZAFIROS 158 (Costado Clìnica Peruano Americana), Trujillo",
    "phoneCountryCode": "+51",
    "phoneNumber": "",
    "rating": 5.0,
    "reviewCount": 2,
    "sourceProfileUrl": "https://s3-eu-west-1.amazonaws.com/docplanner.pe/doctor/378818/378818de0e0ec7b63fc45dcba7dcecc4_large.jpg"
  },
  {
    "fullName": "Anghella Lisseti Guarniz Lozano",
    "specialty": "Dermatólogo",
    "city": "Trujillo",
    "address": "",
    "phoneCountryCode": "+51",
    "phoneNumber": "",
    "rating": 5.0,
    "reviewCount": 4,
    "sourceProfileUrl": "https://s3-sa-east-1.amazonaws.com/doctoralia.pe/doctor/5e2181/5e2181d86e385d65e1f052b168b90e0c_large.jpg"
  }
]